{
  "model_name": "bank_churn_logistic_regression",
  "model_version": "1.0.0",
  "dataset_source": "real_kaggle_bank_churn",
  "created_at": "2026-05-12T11:10:01.278161+00:00",
  "target": "Exited",
  "threshold": 0.5,
  "numeric_features": [
    "CreditScore",
    "Age",
    "Tenure",
    "Balance",
    "NumOfProducts",
    "HasCrCard",
    "IsActiveMember",
    "EstimatedSalary"
  ],
  "categorical_features": {
    "Geography": [
      "France",
      "Germany",
      "Spain"
    ],
    "Gender": [
      "Female",
      "Male"
    ]
  },
  "feature_order": [
    "CreditScore",
    "Age",
    "Tenure",
    "Balance",
    "NumOfProducts",
    "HasCrCard",
    "IsActiveMember",
    "EstimatedSalary",
    "Geography_France",
    "Geography_Germany",
    "Geography_Spain",
    "Gender_Female",
    "Gender_Male"
  ],
  "preprocessing": {
    "means": {
      "CreditScore": 656.4978981571951,
      "Age": 38.11975580752422,
      "Tenure": 5.017072265521446,
      "Balance": 55457.889422163644,
      "NumOfProducts": 1.5537730918675725,
      "HasCrCard": 0.7547850060972376,
      "IsActiveMember": 0.49695895536519047,
      "EstimatedSalary": 112485.64754965273
    },
    "stds": {
      "CreditScore": 80.07187791407253,
      "Age": 8.859990960411409,
      "Tenure": 2.8044352966457233,
      "Balance": 62790.92104758694,
      "NumOfProducts": 0.5472998487885313,
      "HasCrCard": 0.43021459839012055,
      "IsActiveMember": 0.4999907519622995,
      "EstimatedSalary": 50307.95322611725
    }
  },
  "coefficients": [
    -0.06186969728434572,
    0.8368499625645209,
    -0.04530958086325538,
    -0.12677028357793182,
    -0.5037970895164744,
    -0.06577467749637156,
    -0.6414220089064226,
    0.04899378102564157,
    -0.6772614280274422,
    0.47773228617917474,
    -0.6558841928229783,
    -0.08945107842086186,
    -0.7659622562504398
  ],
  "intercept": -0.856180571383471,
  "metrics": {
    "accuracy": 0.8333989759747932,
    "precision": 0.6933090341057017,
    "recall": 0.3813001145475372,
    "f1": 0.49200923787528866,
    "roc_auc": 0.8144923366980104
  }
}